{
  
  "success": true,
  "terms": "https:\/\/currencylayer.com\/terms",
  "privacy": "https:\/\/currencylayer.com\/privacy",
  "timestamp": 1513847950,
  "source": "USD",
  "quotes": {
    "USDAED": 3.672031,
    "USDAFN": 69.099998,
    "USDALL": 111.699997,
    "USDAMD": 481.040009,
    "USDANG": 1.779954,
    "USDAOA": 165.098007,
    "USDARS": 17.733019,
    "USDAUD": 1.305796,
    "USDAWG": 1.78,
    "USDAZN": 1.6996,
    "USDBAM": 1.649298,
    "USDBBD": 2,
    "USDBDT": 82.919998,
    "USDBGN": 1.651204,
    "USDBHD": 0.376802,
    "USDBIF": 1750.97998,
    "USDBMD": 1,
    "USDBND": 1.344701,
    "USDBOB": 6.859836,
    "USDBRL": 3.297499,
    "USDBSD": 1,
    "USDBTC": 5.9e-5,
    "USDBTN": 64.025002,
    "USDBWP": 10.014973,
    "USDBYN": 2.008303,
    "USDBYR": 19600,
    "USDBZD": 1.997802,
    "USDCAD": 1.28356,
    "USDCDF": 1565.503834,
    "USDCHF": 0.98624,
    "USDCLF": 0.022899,
    "USDCLP": 619.630005,
    "USDCNY": 6.584901,
    "USDCOP": 2960.800049,
    "USDCRC": 561.437754,
    "USDCUC": 1,
    "USDCUP": 26.5,
    "USDCVE": 92.839996,
    "USDCZK": 21.641899,
    "USDDJF": 176.830002,
    "USDDKK": 6.26709,
    "USDDOP": 48.389999,
    "USDDZD": 115.086998,
    "USDEGP": 17.760335,
    "USDERN": 14.989666,
    "USDETB": 27.190001,
    "USDEUR": 0.841701,
    "USDFJD": 2.098052,
    "USDFKP": 0.747899,
    "USDGBP": 0.747399,
    "USDGEL": 2.518301,
    "USDGGP": 0.747598,
    "USDGHS": 4.478503,
    "USDGIP": 0.748101,
    "USDGMD": 47.169998,
    "USDGNF": 9000.000201,
    "USDGTQ": 7.336044,
    "USDGYD": 202.110001,
    "USDHKD": 7.8235,
    "USDHNL": 23.460976,
    "USDHRK": 6.365902,
    "USDHTG": 62.950001,
    "USDHUF": 263.279999,
    "USDIDR": 13555,
    "USDILS": 3.489947,
    "USDIMP": 0.747598,
    "USDINR": 64.089996,
    "USDIQD": 1184,
    "USDIRR": 35859.000216,
    "USDISK": 104.999995,
    "USDJEP": 0.747598,
    "USDJMD": 124.349998,
    "USDJOD": 0.707503,
    "USDJPY": 113.504997,
    "USDKES": 102.849998,
    "USDKGS": 69.610976,
    "USDKHR": 4036.000168,
    "USDKMF": 411.01001,
    "USDKPW": 900.000047,
    "USDKRW": 1080.569946,
    "USDKWD": 0.301798,
    "USDKYD": 0.820181,
    "USDKZT": 333.750078,
    "USDLAK": 8278.999739,
    "USDLBP": 1511.000176,
    "USDLKR": 152.74999,
    "USDLRD": 125.160004,
    "USDLSL": 12.740153,
    "USDLTL": 3.048704,
    "USDLVL": 0.62055,
    "USDLYD": 1.3621,
    "USDMAD": 9.403898,
    "USDMDL": 17.125003,
    "USDMGA": 3219.999635,
    "USDMKD": 51.560001,
    "USDMMK": 1366.501184,
    "USDMNT": 2422.999417,
    "USDMOP": 8.057902,
    "USDMRO": 351.600006,
    "USDMUR": 32.470001,
    "USDMVR": 15.56982,
    "USDMWK": 716.109985,
    "USDMXN": 19.266497,
    "USDMYR": 4.078994,
    "USDMZN": 58.299999,
    "USDNAD": 12.715973,
    "USDNGN": 357.999795,
    "USDNIO": 30.749301,
    "USDNOK": 8.382698,
    "USDNPR": 102.515999,
    "USDNZD": 1.428694,
    "USDOMR": 0.384698,
    "USDPAB": 1,
    "USDPEN": 3.265978,
    "USDPGK": 3.212901,
    "USDPHP": 50.200001,
    "USDPKR": 110.099998,
    "USDPLN": 3.5345,
    "USDPYG": 5622.999853,
    "USDQAR": 3.639802,
    "USDRON": 3.896403,
    "USDRSD": 100.230301,
    "USDRUB": 58.580002,
    "USDRWF": 835.75,
    "USDSAR": 3.749801,
    "USDSBD": 7.719502,
    "USDSCR": 13.349618,
    "USDSDG": 6.997901,
    "USDSEK": 8.39887,
    "USDSGD": 1.34494,
    "USDSHP": 0.748102,
    "USDSLL": 7629.999543,
    "USDSOS": 557.000128,
    "USDSRD": 7.420449,
    "USDSTD": 20628.099609,
    "USDSVC": 8.749911,
    "USDSYP": 514.97998,
    "USDSZL": 12.717022,
    "USDTHB": 32.709999,
    "USDTJS": 8.818899,
    "USDTMT": 3.4,
    "USDTND": 2.459203,
    "USDTOP": 2.274897,
    "USDTRY": 3.828897,
    "USDTTD": 6.735697,
    "USDTWD": 29.941023,
    "USDTZS": 2233.000281,
    "USDUAH": 27.839571,
    "USDUGX": 3608.999806,
    "USDUSD": 1,
    "USDUYU": 28.770186,
    "USDUZS": 8089.999711,
    "USDVEF": 9.974993,
    "USDVND": 22710,
    "USDVUV": 105.690002,
    "USDWST": 2.564203,
    "USDXAF": 551.880005,
    "USDXAG": 0.061782,
    "USDXAU": 0.00079,
    "USDXCD": 2.697187,
    "USDXDR": 0.706632,
    "USDXOF": 564.98999,
    "USDXPF": 100.430003,
    "USDYER": 249.949997,
    "USDZAR": 12.719101,
    "USDZMK": 9001.199915,
    "USDZMW": 9.750235,
    "USDZWL": 322.355011
  }
}